Trial,Cut at T=100,Simulation Time (s),T to 0.87 GS Energy,T to 0.92 GS Energy,T to 0.95 GS Energy,Success for 0.87 GS Energy,Success for 0.92 GS Energy,Success for 0.95 GS Energy
1,127.0,0.28945398330688477,2.0100000000000002,2.0100000000000002,2.0100000000000002,1,1,1
