Trial,Cut at T=100,Simulation Time (s),T to 0.87 GS Energy,T to 0.92 GS Energy,T to 0.95 GS Energy,Success for 0.87 GS Energy,Success for 0.92 GS Energy,Success for 0.95 GS Energy
1,63.0,0.21971607208251953,3.0100000000000002,100,100,1,0,0
2,62.0,0.19973087310791016,3.0100000000000002,100,100,1,0,0
