Trial,Cut at T=100,Simulation Time (s),T to 0.87 GS Energy,T to 0.92 GS Energy,T to 0.95 GS Energy,Success for 0.87 GS Energy,Success for 0.92 GS Energy,Success for 0.95 GS Energy
1,76.0,0.21920251846313477,5.01,100,100,1,0,0
2,78.0,0.2011725902557373,3.0100000000000002,3.0100000000000002,100,1,1,0
