Trial,Cut at T=100,Simulation Time (s),T to 0.87 GS Energy,T to 0.92 GS Energy,T to 0.95 GS Energy,Success for 0.87 GS Energy,Success for 0.92 GS Energy,Success for 0.95 GS Energy
1,126.0,0.2320556640625,2.0100000000000002,2.0100000000000002,3.0100000000000002,1,1,1
2,120.0,0.2454817295074463,4.01,10.01,12.01,1,1,1
