Trial,Cut at T=100,Simulation Time (s),T to 0.87 GS Energy,T to 0.92 GS Energy,T to 0.95 GS Energy,Success for 0.87 GS Energy,Success for 0.92 GS Energy,Success for 0.95 GS Energy
1,121.0,0.23615264892578125,4.01,6.01,100,1,1,0
2,114.0,0.23705816268920898,3.0100000000000002,100,100,1,0,0
