Trial,Cut at T=100,Simulation Time (s),T to 0.87 GS Energy,T to 0.92 GS Energy,T to 0.95 GS Energy,Success for 0.87 GS Energy,Success for 0.92 GS Energy,Success for 0.95 GS Energy
1,580.0,0.24195241928100586,2.0100000000000002,100,100,1,0,0
2,638.0,0.24133849143981934,3.0100000000000002,6.01,7.01,1,1,1
