Trial,Cut at T=100,Simulation Time (s),T to 0.87 GS Energy,T to 0.92 GS Energy,T to 0.95 GS Energy,Success for 0.87 GS Energy,Success for 0.92 GS Energy,Success for 0.95 GS Energy
1,692.0,0.23924708366394043,1.01,1.01,1.01,1,1,1
2,672.0,0.23001861572265625,2.0100000000000002,5.01,100,1,1,0
