Trial,Cut at T=100,Simulation Time (s),T to 0.87 GS Energy,T to 0.92 GS Energy,T to 0.95 GS Energy,Success for 0.87 GS Energy,Success for 0.92 GS Energy,Success for 0.95 GS Energy
1,1688.0,0.245070219039917,1.01,2.0100000000000002,2.0100000000000002,1,1,1
2,1698.0,0.2312612533569336,1.01,1.01,1.01,1,1,1
