Trial,Cut at T=100,Simulation Time (s),T to 0.87 GS Energy,T to 0.92 GS Energy,T to 0.95 GS Energy,Success for 0.87 GS Energy,Success for 0.92 GS Energy,Success for 0.95 GS Energy
1,1914.0,0.2324962615966797,1.01,100,100,1,0,0
2,1920.0,0.23061728477478027,2.0100000000000002,100,100,1,0,0
