Trial,Cut at T=100,Simulation Time (s),T to 0.87 GS Energy,T to 0.92 GS Energy,T to 0.95 GS Energy,Success for 0.87 GS Energy,Success for 0.92 GS Energy,Success for 0.95 GS Energy
1,118.0,0.3298962116241455,2.0100000000000002,43.01,100,1,1,0
2,118.0,0.32576918601989746,5.01,8.01,100,1,1,0
