Trial,Cut at T=100,Simulation Time (s),T to 0.87 GS Energy,T to 0.92 GS Energy,T to 0.95 GS Energy,Success for 0.87 GS Energy,Success for 0.92 GS Energy,Success for 0.95 GS Energy
1,64.0,0.3006148338317871,2.0100000000000002,100,100,1,0,0
2,65.0,0.2753005027770996,2.0100000000000002,4.01,100,1,1,0
