Trial,Cut at T=100,Simulation Time (s),T to 0.87 GS Energy,T to 0.92 GS Energy,T to 0.95 GS Energy,Success for 0.87 GS Energy,Success for 0.92 GS Energy,Success for 0.95 GS Energy
1,596.0,0.29818248748779297,3.0100000000000002,19.01,100,1,1,0
2,634.0,0.3231668472290039,2.0100000000000002,3.0100000000000002,4.01,1,1,1
