Trial,Cut at T=100,Simulation Time (s),T to 0.87 GS Energy,T to 0.92 GS Energy,T to 0.95 GS Energy,Success for 0.87 GS Energy,Success for 0.92 GS Energy,Success for 0.95 GS Energy
1,2025.0,0.32658815383911133,1.01,1.01,2.0100000000000002,1,1,1
2,1943.0,0.2865273952484131,1.01,100,100,1,0,0
