Trial,Cut at T=100,Simulation Time (s),T to 0.87 GS Energy,T to 0.92 GS Energy,T to 0.95 GS Energy,Success for 0.87 GS Energy,Success for 0.92 GS Energy,Success for 0.95 GS Energy
1,1919.0,0.2860841751098633,1.01,2.0100000000000002,17.01,1,1,1
2,1930.0,0.30840444564819336,1.01,1.01,1.01,1,1,1
